Result_Date,People_Tested,People_Tested_Rate,Deaths,Death_Rate,Positives,Positive_Rate,Confirmed_Cases,Confirmed_Case_Rate,Probable_Cases,Probable_Case_Rate,Hospitalizations,Hospitalization_Rate,All_Test_Results,All_Test_Results_Rate
02/01/2020,0,0,0,0,0,0,0,0,0,0,1,0.04,0,0
02/02/2020,1,0.04,0,0,0,0,0,0,0,0,0,0,1,0.04
02/03/2020,0,0,0,0,0,0,0,0,0,0,0,0,0,0
02/04/2020,1,0.04,0,0,0,0,0,0,0,0,0,0,1,0.04
02/05/2020,1,0.04,0,0,0,0,0,0,0,0,0,0,1,0.04
02/06/2020,0,0,0,0,0,0,0,0,0,0,0,0,0,0
02/07/2020,0,0,0,0,0,0,0,0,0,0,0,0,0,0
02/08/2020,1,0.04,0,0,0,0,0,0,0,0,2,0.09,1,0.04
02/09/2020,2,0.09,0,0,0,0,0,0,0,0,0,0,2,0.09
02/10/2020,18,0.8,0,0,0,0,0,0,0,0,0,0,18,0.8
02/11/2020,23,1.02,0,0,0,0,0,0,0,0,3,0.13,23,1.02
02/12/2020,0,0,0,0,0,0,0,0,0,0,1,0.04,0,0
02/13/2020,41,1.81,0,0,0,0,0,0,0,0,0,0,41,1.81
02/14/2020,0,0,0,0,0,0,0,0,0,0,0,0,0,0
02/15/2020,0,0,0,0,0,0,0,0,0,0,2,0.09,0,0
02/16/2020,0,0,0,0,0,0,0,0,0,0,0,0,0,0
02/17/2020,0,0,0,0,0,0,0,0,0,0,1,0.04,0,0
02/18/2020,1,0.04,0,0,0,0,0,0,0,0,1,0.04,1,0.04
02/19/2020,2,0.09,0,0,0,0,0,0,0,0,3,0.13,2,0.09
02/20/2020,1,0.04,0,0,0,0,0,0,0,0,3,0.13,1,0.04
02/21/2020,1,0.04,0,0,1,0.04,1,0.04,0,0,4,0.18,1,0.04
02/22/2020,2,0.09,0,0,1,0.04,1,0.04,0,0,4,0.18,2,0.09
02/23/2020,2,0.09,0,0,1,0.04,1,0.04,0,0,2,0.09,2,0.09
02/24/2020,2,0.09,0,0,1,0.04,1,0.04,0,0,5,0.22,2,0.09
02/25/2020,2,0.09,0,0,1,0.04,1,0.04,0,0,1,0.04,2,0.09
02/26/2020,3,0.13,2,0.09,2,0.09,2,0.09,0,0,1,0.04,3,0.13
02/27/2020,5,0.22,0,0,3,0.13,3,0.13,0,0,10,0.44,5,0.22
02/28/2020,9,0.4,2,0.09,9,0.4,9,0.4,0,0,7,0.31,9,0.4
02/29/2020,25,1.11,1,0.04,16,0.71,16,0.71,0,0,4,0.18,25,1.11
03/01/2020,43,1.9,3,0.13,12,0.53,12,0.53,0,0,4,0.18,43,1.9
03/02/2020,101,4.47,2,0.09,18,0.8,18,0.8,0,0,14,0.62,101,4.47
03/03/2020,121,5.35,3,0.13,15,0.66,15,0.66,0,0,12,0.53,121,5.35
03/04/2020,153,6.77,2,0.09,25,1.11,25,1.11,0,0,10,0.44,153,6.77
03/05/2020,212,9.38,4,0.18,38,1.68,38,1.68,0,0,21,0.93,212,9.38
03/06/2020,227,10.04,4,0.18,25,1.11,25,1.11,0,0,15,0.66,227,10.04
03/07/2020,184,8.14,0,0,21,0.93,21,0.93,0,0,11,0.49,184,8.14
03/08/2020,232,10.26,5,0.22,44,1.95,44,1.95,0,0,14,0.62,232,10.26
03/09/2020,431,19.06,3,0.13,36,1.59,36,1.59,0,0,14,0.62,431,19.06
03/10/2020,756,33.44,2,0.09,71,3.14,71,3.14,0,0,19,0.84,756,33.44
03/11/2020,831,36.76,2,0.09,62,2.74,62,2.74,0,0,16,0.71,831,36.76
03/12/2020,1242,54.94,4,0.18,99,4.38,99,4.38,0,0,26,1.15,1242,54.94
03/13/2020,1449,64.09,3,0.13,121,5.35,121,5.35,0,0,13,0.58,1449,64.09
03/14/2020,810,35.83,4,0.18,75,3.32,75,3.32,0,0,16,0.71,810,35.83
03/15/2020,480,21.23,4,0.18,46,2.03,46,2.03,0,0,13,0.58,480,21.23
03/16/2020,1573,69.58,6,0.27,136,6.02,136,6.02,0,0,24,1.06,1573,69.58
03/17/2020,1441,63.74,7,0.31,124,5.48,124,5.48,0,0,18,0.8,1441,63.74
03/18/2020,1540,68.12,4,0.18,148,6.55,148,6.55,0,0,13,0.58,1540,68.12
03/19/2020,1478,65.38,5,0.22,159,7.03,159,7.03,0,0,26,1.15,1478,65.38
03/20/2020,1311,57.99,7,0.31,119,5.26,119,5.26,0,0,22,0.97,1311,57.99
03/21/2020,676,29.9,4,0.18,82,3.63,82,3.63,0,0,23,1.02,676,29.9
03/22/2020,476,21.05,14,0.62,79,3.49,79,3.49,0,0,21,0.93,476,21.05
03/23/2020,1623,71.79,9,0.4,203,8.98,203,8.98,0,0,43,1.9,1623,71.79
03/24/2020,1613,71.35,9,0.4,177,7.83,177,7.83,0,0,25,1.11,1613,71.35
03/25/2020,1566,69.27,9,0.4,179,7.92,179,7.92,0,0,33,1.46,1566,69.27
03/26/2020,1416,62.63,15,0.66,173,7.65,173,7.65,0,0,28,1.24,1416,62.63
03/27/2020,1552,68.65,9,0.4,212,9.38,212,9.38,0,0,34,1.5,1552,68.65
03/28/2020,841,37.2,14,0.62,97,4.29,97,4.29,0,0,40,1.77,841,37.2
03/29/2020,661,29.24,8,0.35,125,5.53,125,5.53,0,0,38,1.68,661,29.24
03/30/2020,1821,80.55,4,0.18,233,10.31,233,10.31,0,0,38,1.68,1821,80.55
03/31/2020,1623,71.79,5,0.22,201,8.89,201,8.89,0,0,37,1.64,1623,71.79
04/01/2020,1654,73.16,12,0.53,179,7.92,179,7.92,0,0,38,1.68,1654,73.16
04/02/2020,1653,73.12,11,0.49,178,7.87,178,7.87,0,0,40,1.77,1653,73.12
04/03/2020,1708,75.55,13,0.58,203,8.98,203,8.98,0,0,47,2.08,1708,75.55
04/04/2020,1022,45.21,12,0.53,95,4.2,95,4.2,0,0,26,1.15,1022,45.21
04/05/2020,762,33.7,16,0.71,74,3.27,74,3.27,0,0,32,1.42,762,33.7
04/06/2020,1761,77.89,13,0.58,165,7.3,165,7.3,0,0,24,1.06,1761,77.89
04/07/2020,2032,89.88,15,0.66,192,8.49,192,8.49,0,0,30,1.33,2032,89.88
04/08/2020,1800,79.62,10,0.44,144,6.37,144,6.37,0,0,22,0.97,1800,79.62
04/09/2020,1627,71.97,7,0.31,160,7.08,160,7.08,0,0,30,1.33,1627,71.97
04/10/2020,1666,73.69,13,0.58,134,5.93,134,5.93,0,0,31,1.37,1666,73.69
04/11/2020,934,41.31,10,0.44,72,3.18,72,3.18,0,0,24,1.06,934,41.31
04/12/2020,627,27.73,5,0.22,36,1.59,36,1.59,0,0,17,0.75,627,27.73
04/13/2020,1791,79.22,8,0.35,147,6.5,147,6.5,0,0,16,0.71,1791,79.22
04/14/2020,1759,77.8,5,0.22,128,5.66,128,5.66,0,0,19,0.84,1759,77.8
04/15/2020,1806,79.88,5,0.22,136,6.02,136,6.02,0,0,22,0.97,1806,79.88
04/16/2020,1915,84.7,12,0.53,128,5.66,128,5.66,0,0,25,1.11,1915,84.7
04/17/2020,1953,86.39,7,0.31,146,6.46,146,6.46,0,0,23,1.02,1953,86.39
04/18/2020,1196,52.9,11,0.49,57,2.52,57,2.52,0,0,20,0.88,1196,52.9
04/19/2020,914,40.43,12,0.53,41,1.81,41,1.81,0,0,20,0.88,914,40.43
04/20/2020,1888,83.51,6,0.27,124,5.48,124,5.48,0,0,17,0.75,1888,83.51
04/21/2020,1845,81.61,14,0.62,108,4.78,108,4.78,0,0,22,0.97,1845,81.61
04/22/2020,1971,87.18,5,0.22,115,5.09,115,5.09,0,0,20,0.88,1971,87.18
04/23/2020,1858,82.18,5,0.22,102,4.51,102,4.51,0,0,13,0.58,1858,82.18
04/24/2020,1989,87.98,8,0.35,94,4.16,94,4.16,0,0,13,0.58,1989,87.98
04/25/2020,1717,75.95,10,0.44,68,3.01,68,3.01,0,0,17,0.75,1717,75.95
04/26/2020,895,39.59,9,0.4,45,1.99,45,1.99,0,0,15,0.66,895,39.59
04/27/2020,1916,84.75,6,0.27,123,5.44,123,5.44,0,0,6,0.27,1916,84.75
04/28/2020,2372,104.92,5,0.22,96,4.25,96,4.25,0,0,16,0.71,2372,104.92
04/29/2020,2308,102.09,6,0.27,118,5.22,118,5.22,0,0,14,0.62,2308,102.09
04/30/2020,2057,90.99,4,0.18,83,3.67,83,3.67,0,0,6,0.27,2057,90.99
05/01/2020,2027,89.66,7,0.31,134,5.93,134,5.93,0,0,9,0.4,2027,89.66
05/02/2020,1194,52.81,4,0.18,45,1.99,45,1.99,0,0,16,0.71,1194,52.81
05/03/2020,743,32.86,4,0.18,26,1.15,26,1.15,0,0,6,0.27,743,32.86
05/04/2020,2475,109.47,7,0.31,113,5,113,5,0,0,12,0.53,2475,109.47
05/05/2020,2315,102.4,4,0.18,79,3.49,79,3.49,0,0,10,0.44,2315,102.4
05/06/2020,2059,91.07,5,0.22,95,4.2,95,4.2,0,0,10,0.44,2059,91.07
05/07/2020,1845,81.61,5,0.22,78,3.45,78,3.45,0,0,7,0.31,1845,81.61
05/08/2020,2071,91.6,6,0.27,72,3.18,72,3.18,0,0,10,0.44,2071,91.6
05/09/2020,992,43.88,4,0.18,49,2.17,49,2.17,0,0,8,0.35,992,43.88
05/10/2020,531,23.49,10,0.44,17,0.75,17,0.75,0,0,12,0.53,531,23.49
05/11/2020,2196,97.13,2,0.09,79,3.49,79,3.49,0,0,10,0.44,2196,97.13
05/12/2020,2084,92.18,3,0.13,72,3.18,72,3.18,0,0,9,0.4,2084,92.18
05/13/2020,2066,91.38,1,0.04,87,3.85,87,3.85,0,0,7,0.31,2066,91.38
05/14/2020,2240,99.08,3,0.13,68,3.01,68,3.01,0,0,9,0.4,2240,99.08
05/15/2020,2312,102.26,1,0.04,96,4.25,96,4.25,0,0,5,0.22,2312,102.26
05/16/2020,1328,58.74,4,0.18,28,1.24,28,1.24,0,0,5,0.22,1328,58.74
05/17/2020,793,35.08,4,0.18,18,0.8,18,0.8,0,0,3,0.13,793,35.08
05/18/2020,2688,118.9,1,0.04,78,3.45,78,3.45,0,0,8,0.35,2688,118.9
05/19/2020,2189,96.82,4,0.18,46,2.03,46,2.03,0,0,9,0.4,2189,96.82
05/20/2020,2159,95.5,3,0.13,81,3.58,81,3.58,0,0,10,0.44,2159,95.5
05/21/2020,1561,69.05,3,0.13,43,1.9,43,1.9,0,0,5,0.22,1561,69.05
05/22/2020,1565,69.22,2,0.09,51,2.26,51,2.26,0,0,10,0.44,1565,69.22
05/23/2020,1129,49.94,4,0.18,21,0.93,21,0.93,0,0,8,0.35,1129,49.94
05/24/2020,835,36.93,3,0.13,16,0.71,16,0.71,0,0,7,0.31,835,36.93
05/25/2020,899,39.76,3,0.13,15,0.66,15,0.66,0,0,7,0.31,899,39.76
05/26/2020,2524,111.64,1,0.04,72,3.18,72,3.18,0,0,3,0.13,2524,111.64
05/27/2020,2302,101.82,6,0.27,57,2.52,57,2.52,0,0,7,0.31,2302,101.82
05/28/2020,1706,75.46,1,0.04,64,2.83,64,2.83,0,0,3,0.13,1706,75.46
05/29/2020,1846,81.65,3,0.13,85,3.76,85,3.76,0,0,9,0.4,1846,81.65
05/30/2020,1364,60.33,1,0.04,30,1.33,30,1.33,0,0,3,0.13,1364,60.33
05/31/2020,781,34.55,2,0.09,11,0.49,11,0.49,0,0,6,0.27,781,34.55
06/01/2020,2156,95.36,2,0.09,52,2.3,52,2.3,0,0,6,0.27,2156,95.36
06/02/2020,2233,98.77,2,0.09,66,2.92,66,2.92,0,0,2,0.09,2233,98.77
06/03/2020,2457,108.68,1,0.04,59,2.61,59,2.61,0,0,3,0.13,2457,108.68
06/04/2020,1798,79.53,2,0.09,36,1.59,36,1.59,0,0,2,0.09,1798,79.53
06/05/2020,2718,120.22,1,0.04,44,1.95,44,1.95,0,0,6,0.27,2718,120.22
06/06/2020,1903,84.17,1,0.04,26,1.15,26,1.15,0,0,3,0.13,1903,84.17
06/07/2020,975,43.13,3,0.13,14,0.62,14,0.62,0,0,5,0.22,975,43.13
06/08/2020,3650,161.45,2,0.09,59,2.61,59,2.61,0,0,5,0.22,3650,161.45
06/09/2020,3717,164.41,1,0.04,42,1.86,42,1.86,0,0,3,0.13,3717,164.41
06/10/2020,3853,170.43,0,0,53,2.34,53,2.34,0,0,7,0.31,3853,170.43
06/11/2020,3546,156.85,5,0.22,52,2.3,52,2.3,0,0,2,0.09,3546,156.85
06/12/2020,3344,147.91,3,0.13,77,3.41,77,3.41,0,0,0,0,3344,147.91
06/13/2020,3244,143.49,1,0.04,38,1.68,38,1.68,0,0,3,0.13,3244,143.49
06/14/2020,1585,70.11,1,0.04,25,1.11,25,1.11,0,0,3,0.13,1585,70.11
06/15/2020,4259,188.38,0,0,69,3.05,69,3.05,0,0,7,0.31,4259,188.38
06/16/2020,4318,190.99,1,0.04,79,3.49,79,3.49,0,0,4,0.18,4318,190.99
06/17/2020,4131,182.72,0,0,85,3.76,85,3.76,0,0,4,0.18,4131,182.72
06/18/2020,3680,162.77,1,0.04,78,3.45,78,3.45,0,0,3,0.13,3680,162.77
06/19/2020,3820,168.97,0,0,87,3.85,87,3.85,0,0,5,0.22,3820,168.97
06/20/2020,3220,142.43,1,0.04,69,3.05,69,3.05,0,0,6,0.27,3220,142.43
06/21/2020,1262,55.82,2,0.09,43,1.9,43,1.9,0,0,4,0.18,1262,55.82
06/22/2020,4712,208.42,0,0,146,6.46,146,6.46,0,0,6,0.27,4712,208.42
06/23/2020,4625,204.57,3,0.13,135,5.97,135,5.97,0,0,8,0.35,4625,204.57
06/24/2020,4670,206.56,0,0,153,6.77,153,6.77,0,0,5,0.22,4670,206.56
06/25/2020,4035,178.48,2,0.09,142,6.28,142,6.28,0,0,9,0.4,4035,178.48
06/26/2020,4345,192.19,1,0.04,132,5.84,132,5.84,0,0,4,0.18,4345,192.19
06/27/2020,3710,164.1,1,0.04,139,6.15,139,6.15,0,0,12,0.53,3710,164.1
06/28/2020,1513,66.92,0,0,48,2.12,48,2.12,0,0,11,0.49,1513,66.92
06/29/2020,6359,281.27,0,0,295,13.05,295,13.05,0,0,5,0.22,6359,281.27
06/30/2020,6605,292.15,0,0,209,9.24,209,9.24,0,0,4,0.18,6605,292.15
07/01/2020,5936,262.56,2,0.09,222,9.82,222,9.82,0,0,3,0.13,5936,262.56
07/02/2020,5527,244.47,2,0.09,216,9.55,216,9.55,0,0,5,0.22,5527,244.47
07/03/2020,4259,188.38,3,0.13,120,5.31,120,5.31,0,0,7,0.31,4259,188.38
07/04/2020,1639,72.5,0,0,51,2.26,51,2.26,0,0,5,0.22,1639,72.5
07/05/2020,1472,65.11,1,0.04,65,2.88,65,2.88,0,0,5,0.22,1472,65.11
07/06/2020,6332,280.08,2,0.09,207,9.16,207,9.16,0,0,9,0.4,6332,280.08
07/07/2020,6382,282.29,2,0.09,224,9.91,224,9.91,0,0,12,0.53,6382,282.29
07/08/2020,5171,228.72,2,0.09,197,8.71,197,8.71,0,0,9,0.4,5171,228.72
07/09/2020,4534,200.55,5,0.22,190,8.4,187,8.27,3,0.13,6,0.27,4534,200.55
07/10/2020,4895,216.52,1,0.04,207,9.16,207,9.16,0,0,7,0.31,4895,216.52
07/11/2020,4283,189.45,0,0,101,4.47,101,4.47,0,0,11,0.49,4283,189.45
07/12/2020,1782,78.82,0,0,67,2.96,67,2.96,0,0,8,0.35,1782,78.82
07/13/2020,6571,290.65,1,0.04,233,10.31,232,10.26,1,0.04,9,0.4,6571,290.65
07/14/2020,6527,288.7,2,0.09,216,9.55,216,9.55,0,0,15,0.66,6527,288.7
07/15/2020,6278,277.69,1,0.04,237,10.48,223,9.86,14,0.62,6,0.27,6278,277.69
07/16/2020,5379,237.92,0,0,171,7.56,168,7.43,3,0.13,6,0.27,5379,237.92
07/17/2020,5797,256.41,0,0,206,9.11,196,8.67,10,0.44,8,0.35,5797,256.41
07/18/2020,4294,189.93,2,0.09,112,4.95,112,4.95,0,0,8,0.35,4294,189.93
07/19/2020,1682,74.4,2,0.09,75,3.32,75,3.32,0,0,10,0.44,1682,74.4
07/20/2020,6353,281.01,2,0.09,209,9.24,208,9.2,1,0.04,8,0.35,6353,281.01
07/21/2020,6102,269.9,1,0.04,232,10.26,232,10.26,0,0,6,0.27,6102,269.9
07/22/2020,6020,266.28,2,0.09,216,9.55,211,9.33,5,0.22,9,0.4,6020,266.28
07/23/2020,5146,227.62,1,0.04,191,8.45,178,7.87,13,0.58,4,0.18,5146,227.62
07/24/2020,5635,249.25,1,0.04,156,6.9,156,6.9,0,0,9,0.4,5635,249.25
07/25/2020,4477,198.03,1,0.04,111,4.91,111,4.91,0,0,6,0.27,4477,198.03
07/26/2020,1756,77.67,2,0.09,59,2.61,59,2.61,0,0,10,0.44,1756,77.67
07/27/2020,6689,295.87,1,0.04,212,9.38,209,9.24,3,0.13,11,0.49,6689,295.87
07/28/2020,6091,269.42,2,0.09,215,9.51,214,9.47,1,0.04,9,0.4,6091,269.42
07/29/2020,5894,260.7,3,0.13,193,8.54,182,8.05,11,0.49,11,0.49,5894,260.7
07/30/2020,5343,236.33,2,0.09,161,7.12,161,7.12,0,0,12,0.53,5343,236.33
07/31/2020,5501,243.32,5,0.22,169,7.48,153,6.77,16,0.71,13,0.58,5501,243.32
08/01/2020,4416,195.33,3,0.13,93,4.11,93,4.11,0,0,10,0.44,4416,195.33
08/02/2020,1865,82.49,1,0.04,37,1.64,37,1.64,0,0,6,0.27,1865,82.49
08/03/2020,7180,317.59,3,0.13,166,7.34,164,7.25,2,0.09,8,0.35,7180,317.59
08/04/2020,6408,283.44,6,0.27,191,8.45,191,8.45,0,0,13,0.58,6408,283.44
08/05/2020,5954,263.36,3,0.13,163,7.21,158,6.99,5,0.22,6,0.27,5954,263.36
08/06/2020,5973,264.2,1,0.04,159,7.03,159,7.03,0,0,10,0.44,5973,264.2
08/07/2020,6081,268.98,7,0.31,165,7.3,161,7.12,4,0.18,7,0.31,6081,268.98
08/08/2020,4861,215.01,2,0.09,102,4.51,102,4.51,0,0,7,0.31,4861,215.01
08/09/2020,1763,77.98,2,0.09,51,2.26,51,2.26,0,0,5,0.22,1763,77.98
08/10/2020,7971,352.57,2,0.09,198,8.76,196,8.67,2,0.09,11,0.49,7971,352.57
08/11/2020,6745,298.35,0,0,149,6.59,147,6.5,2,0.09,6,0.27,6745,298.35
08/12/2020,7341,324.71,4,0.18,157,6.94,150,6.63,7,0.31,7,0.31,7341,324.71
08/13/2020,6304,278.84,2,0.09,144,6.37,141,6.24,3,0.13,10,0.44,6304,278.84
08/14/2020,6098,269.73,4,0.18,191,8.45,182,8.05,9,0.4,11,0.49,6098,269.73
08/15/2020,4573,202.27,2,0.09,125,5.53,125,5.53,0,0,8,0.35,4573,202.27
08/16/2020,1782,78.82,2,0.09,39,1.73,39,1.73,0,0,7,0.31,1782,78.82
08/17/2020,7537,333.38,2,0.09,180,7.96,179,7.92,1,0.04,9,0.4,7537,333.38
08/18/2020,6745,298.35,4,0.18,106,4.69,105,4.64,1,0.04,9,0.4,6745,298.35
08/19/2020,7127,315.24,2,0.09,164,7.25,153,6.77,11,0.49,12,0.53,7127,315.24
08/20/2020,6065,268.27,0,0,133,5.88,130,5.75,3,0.13,10,0.44,6065,268.27
08/21/2020,5512,243.81,1,0.04,131,5.79,125,5.53,6,0.27,6,0.27,5512,243.81
08/22/2020,4404,194.8,2,0.09,63,2.79,63,2.79,0,0,3,0.13,4404,194.8
08/23/2020,1721,76.12,0,0,51,2.26,51,2.26,0,0,8,0.35,1721,76.12
08/24/2020,7442,329.18,0,0,166,7.34,163,7.21,3,0.13,10,0.44,7442,329.18
08/25/2020,6624,292.99,2,0.09,160,7.08,157,6.94,3,0.13,5,0.22,6624,292.99
08/26/2020,6441,284.9,4,0.18,133,5.88,127,5.62,6,0.27,2,0.09,6441,284.9
08/27/2020,5563,246.06,0,0,121,5.35,118,5.22,3,0.13,5,0.22,5563,246.06
08/28/2020,5738,253.8,0,0,111,4.91,108,4.78,3,0.13,2,0.09,5738,253.8
08/29/2020,4434,196.13,0,0,80,3.54,80,3.54,0,0,1,0.04,4434,196.13
08/30/2020,1880,83.16,1,0.04,23,1.02,23,1.02,0,0,3,0.13,1880,83.16
08/31/2020,7873,348.24,3,0.13,126,5.57,123,5.44,3,0.13,9,0.4,7873,348.24
09/01/2020,7157,316.57,0,0,121,5.35,119,5.26,2,0.09,9,0.4,7157,316.57
09/02/2020,6754,298.74,2,0.09,125,5.53,111,4.91,14,0.62,10,0.44,6754,298.74
09/03/2020,5860,259.2,2,0.09,120,5.31,119,5.26,1,0.04,6,0.27,5860,259.2
09/04/2020,5415,239.52,0,0,89,3.94,85,3.76,4,0.18,6,0.27,5415,239.52
09/05/2020,4302,190.29,3,0.13,82,3.63,82,3.63,0,0,6,0.27,4302,190.29
09/06/2020,2035,90.01,1,0.04,29,1.28,29,1.28,0,0,5,0.22,2035,90.01
09/07/2020,2491,110.18,1,0.04,60,2.65,60,2.65,0,0,2,0.09,2491,110.18
09/08/2020,8012,354.39,0,0,118,5.22,116,5.13,2,0.09,3,0.13,8012,354.39
09/09/2020,6935,306.75,0,0,130,5.75,127,5.62,3,0.13,5,0.22,6935,306.75
09/10/2020,5855,258.98,0,0,104,4.6,103,4.56,1,0.04,4,0.18,5855,258.98
09/11/2020,4969,219.79,2,0.09,79,3.49,78,3.45,1,0.04,4,0.18,4969,219.79
09/12/2020,3824,169.14,0,0,59,2.61,59,2.61,0,0,3,0.13,3824,169.14
09/13/2020,1653,73.12,1,0.04,24,1.06,24,1.06,0,0,0,0,1653,73.12
09/14/2020,5503,243.41,0,0,112,4.95,111,4.91,1,0.04,4,0.18,5503,243.41
09/15/2020,7190,318.03,3,0.13,81,3.58,81,3.58,0,0,2,0.09,7190,318.03
09/16/2020,6284,277.95,2,0.09,87,3.85,86,3.8,1,0.04,5,0.22,6284,277.95
09/17/2020,5873,259.78,0,0,105,4.64,101,4.47,4,0.18,2,0.09,5873,259.78
09/18/2020,5320,235.31,1,0.04,84,3.72,83,3.67,1,0.04,3,0.13,5320,235.31
09/19/2020,4637,205.1,0,0,68,3.01,68,3.01,0,0,5,0.22,4637,205.1
09/20/2020,1989,87.98,3,0.13,18,0.8,18,0.8,0,0,5,0.22,1989,87.98
09/21/2020,7983,353.11,1,0.04,124,5.48,124,5.48,0,0,9,0.4,7983,353.11
09/22/2020,6961,307.9,0,0,96,4.25,96,4.25,0,0,7,0.31,6961,307.9
09/23/2020,6630,293.26,0,0,106,4.69,101,4.47,5,0.22,2,0.09,6630,293.26
09/24/2020,6306,278.93,1,0.04,131,5.79,131,5.79,0,0,12,0.53,6306,278.93
09/25/2020,6152,272.12,0,0,117,5.18,117,5.18,0,0,7,0.31,6152,272.12
09/26/2020,4962,219.48,1,0.04,92,4.07,92,4.07,0,0,1,0.04,4962,219.48
09/27/2020,1929,85.32,0,0,31,1.37,31,1.37,0,0,6,0.27,1929,85.32
09/28/2020,8753,387.16,1,0.04,232,10.26,230,10.17,2,0.09,3,0.13,8753,387.16
09/29/2020,7414,327.94,1,0.04,172,7.61,172,7.61,0,0,6,0.27,7414,327.94
09/30/2020,7439,329.04,1,0.04,163,7.21,154,6.81,9,0.4,6,0.27,7439,329.04
10/01/2020,6686,295.74,5,0.22,163,7.21,159,7.03,4,0.18,10,0.44,6686,295.74
10/02/2020,7322,323.87,1,0.04,158,6.99,156,6.9,2,0.09,3,0.13,7322,323.87
10/03/2020,6432,284.5,1,0.04,138,6.1,138,6.1,0,0,6,0.27,6432,284.5
10/04/2020,2705,119.65,0,0,41,1.81,41,1.81,0,0,6,0.27,2705,119.65
10/05/2020,10908,482.48,4,0.18,211,9.33,205,9.07,6,0.27,8,0.35,10908,482.48
10/06/2020,10031,443.69,4,0.18,166,7.34,162,7.17,4,0.18,11,0.49,10031,443.69
10/07/2020,9523,421.22,3,0.13,187,8.27,185,8.18,2,0.09,7,0.31,9523,421.22
10/08/2020,7671,339.3,1,0.04,160,7.08,156,6.9,4,0.18,5,0.22,7671,339.3
10/09/2020,7674,339.44,0,0,187,8.27,183,8.09,4,0.18,3,0.13,7674,339.44
10/10/2020,6075,268.71,1,0.04,107,4.73,107,4.73,0,0,10,0.44,6075,268.71
10/11/2020,2105,93.11,0,0,41,1.81,41,1.81,0,0,4,0.18,2105,93.11
10/12/2020,9432,417.2,2,0.09,184,8.14,181,8.01,3,0.13,5,0.22,9432,417.2
10/13/2020,8807,389.55,1,0.04,146,6.46,145,6.41,1,0.04,6,0.27,8807,389.55
10/14/2020,9006,398.35,0,0,200,8.85,196,8.67,4,0.18,12,0.53,9006,398.35
10/15/2020,7916,350.14,0,0,210,9.29,206,9.11,4,0.18,7,0.31,7916,350.14
10/16/2020,8003,353.99,0,0,168,7.43,159,7.03,9,0.4,12,0.53,8003,353.99
10/17/2020,6089,269.33,1,0.04,119,5.26,119,5.26,0,0,5,0.22,6089,269.33
10/18/2020,2332,103.15,2,0.09,37,1.64,37,1.64,0,0,7,0.31,2332,103.15
10/19/2020,10379,459.09,2,0.09,245,10.84,243,10.75,2,0.09,11,0.49,10379,459.09
10/20/2020,9545,422.2,1,0.04,254,11.23,249,11.01,5,0.22,12,0.53,9545,422.2
10/21/2020,8980,397.2,3,0.13,202,8.93,198,8.76,4,0.18,4,0.18,8980,397.2
10/22/2020,8094,358.01,1,0.04,227,10.04,225,9.95,2,0.09,8,0.35,8094,358.01
10/23/2020,7753,342.93,2,0.09,228,10.08,220,9.73,8,0.35,12,0.53,7753,342.93
10/24/2020,6220,275.12,3,0.13,200,8.85,198,8.76,2,0.09,3,0.13,6220,275.12
10/25/2020,2385,105.49,1,0.04,51,2.26,51,2.26,0,0,2,0.09,2385,105.49
10/26/2020,10883,481.38,1,0.04,341,15.08,339,14.99,2,0.09,8,0.35,10883,481.38
10/27/2020,10217,451.92,2,0.09,301,13.31,296,13.09,5,0.22,10,0.44,10217,451.92
10/28/2020,10369,458.64,2,0.09,364,16.1,353,15.61,11,0.49,7,0.31,10369,458.64
10/29/2020,9642,426.49,1,0.04,364,16.1,358,15.84,6,0.27,15,0.66,9642,426.49
10/30/2020,8858,391.81,1,0.04,331,14.64,320,14.15,11,0.49,8,0.35,8858,391.81
10/31/2020,6813,301.35,2,0.09,257,11.37,257,11.37,0,0,7,0.31,6813,301.35
11/01/2020,2500,110.58,0,0,71,3.14,71,3.14,0,0,9,0.4,2500,110.58
11/02/2020,12402,548.57,2,0.09,500,22.12,493,21.81,7,0.31,12,0.53,12402,548.57
11/03/2020,10255,453.6,1,0.04,471,20.83,469,20.74,2,0.09,12,0.53,10255,453.6
11/04/2020,10923,483.15,1,0.04,593,26.23,573,25.35,20,0.88,13,0.58,10923,483.15
11/05/2020,10316,456.3,1,0.04,522,23.09,511,22.6,11,0.49,13,0.58,10316,456.3
11/06/2020,9311,411.85,1,0.04,543,24.02,540,23.89,3,0.13,22,0.97,9311,411.85
11/07/2020,8380,370.67,1,0.04,471,20.83,471,20.83,0,0,24,1.06,8380,370.67
11/08/2020,2656,117.48,2,0.09,118,5.22,118,5.22,0,0,22,0.97,2656,117.48
11/09/2020,12794,565.91,3,0.13,747,33.04,740,32.73,7,0.31,28,1.24,12794,565.91
11/10/2020,12442,550.34,4,0.18,648,28.66,640,28.31,8,0.35,18,0.8,12442,550.34
11/11/2020,11423,505.26,1,0.04,646,28.57,637,28.18,9,0.4,22,0.97,11423,505.26
11/12/2020,11911,526.85,1,0.04,762,33.7,756,33.44,6,0.27,17,0.75,11911,526.85
11/13/2020,11864,524.77,1,0.04,789,34.9,765,33.84,24,1.06,33,1.46,11864,524.77
11/14/2020,9862,436.22,2,0.09,705,31.18,705,31.18,0,0,29,1.28,9862,436.22
11/15/2020,3248,143.67,2,0.09,187,8.27,187,8.27,0,0,25,1.11,3248,143.67
11/16/2020,15172,671.09,4,0.18,956,42.29,948,41.93,8,0.35,29,1.28,15172,671.09
11/17/2020,15932,704.71,2,0.09,878,38.84,873,38.61,5,0.22,28,1.24,15932,704.71
11/18/2020,15501,685.64,1,0.04,818,36.18,801,35.43,17,0.75,33,1.46,15501,685.64
11/19/2020,14936,660.65,4,0.18,850,37.6,839,37.11,11,0.49,27,1.19,14936,660.65
11/20/2020,15357,679.27,2,0.09,939,41.53,927,41,12,0.53,33,1.46,15357,679.27
11/21/2020,13250,586.08,7,0.31,666,29.46,662,29.28,4,0.18,24,1.06,13250,586.08
11/22/2020,4452,196.92,7,0.31,255,11.28,255,11.28,0,0,26,1.15,4452,196.92
11/23/2020,18259,807.63,2,0.09,968,42.82,963,42.6,5,0.22,34,1.5,18259,807.63
11/24/2020,15967,706.25,3,0.13,870,38.48,859,38,11,0.49,20,0.88,15967,706.25
11/25/2020,11481,507.83,3,0.13,837,37.02,829,36.67,8,0.35,28,1.24,11481,507.83
11/26/2020,1397,61.79,7,0.31,116,5.13,116,5.13,0,0,28,1.24,1397,61.79
11/27/2020,9554,422.59,1,0.04,803,35.52,798,35.3,5,0.22,33,1.46,9554,422.59
11/28/2020,9180,406.05,5,0.22,695,30.74,695,30.74,0,0,25,1.11,9180,406.05
11/29/2020,3277,144.95,5,0.22,200,8.85,200,8.85,0,0,28,1.24,3277,144.95
11/30/2020,14839,656.36,11,0.49,1207,53.39,1189,52.59,18,0.8,28,1.24,14839,656.36
12/01/2020,11673,516.32,6,0.27,842,37.24,838,37.07,4,0.18,31,1.37,11673,516.32
12/02/2020,12035,532.33,11,0.49,722,31.94,707,31.27,15,0.66,32,1.42,12035,532.33
12/03/2020,11907,526.67,10,0.44,826,36.54,818,36.18,8,0.35,26,1.15,11907,526.67
12/04/2020,12472,551.66,11,0.49,797,35.25,792,35.03,5,0.22,34,1.5,12472,551.66
12/05/2020,8705,385.04,8,0.35,575,25.43,568,25.12,7,0.31,26,1.15,8705,385.04
12/06/2020,3458,152.95,3,0.13,185,8.18,182,8.05,3,0.13,23,1.02,3458,152.95
12/07/2020,13304,588.46,10,0.44,1100,48.66,1064,47.06,36,1.59,33,1.46,13304,588.46
12/08/2020,11668,516.1,8,0.35,761,33.66,748,33.09,13,0.58,24,1.06,11668,516.1
12/09/2020,10653,471.2,8,0.35,681,30.12,672,29.72,9,0.4,43,1.9,10653,471.2
12/10/2020,10178,450.19,10,0.44,641,28.35,627,27.73,14,0.62,33,1.46,10178,450.19
12/11/2020,10779,476.78,10,0.44,718,31.76,701,31.01,17,0.75,39,1.73,10779,476.78
12/12/2020,8428,372.79,5,0.22,513,22.69,503,22.25,10,0.44,27,1.19,8428,372.79
12/13/2020,3437,152.03,11,0.49,155,6.86,152,6.72,3,0.13,36,1.59,3437,152.03
12/14/2020,14852,656.94,6,0.27,827,36.58,803,35.52,24,1.06,40,1.77,14852,656.94
12/15/2020,14030,620.58,9,0.4,701,31.01,678,29.99,23,1.02,34,1.5,14030,620.58
12/16/2020,13566,600.05,13,0.58,664,29.37,631,27.91,33,1.46,26,1.15,13566,600.05
12/17/2020,13375,591.6,7,0.31,636,28.13,624,27.6,12,0.53,24,1.06,13375,591.6
12/18/2020,13597,601.42,6,0.27,571,25.26,553,24.46,18,0.8,22,0.97,13597,601.42
12/19/2020,10909,482.53,13,0.58,406,17.96,401,17.74,5,0.22,22,0.97,10909,482.53
12/20/2020,3111,137.61,6,0.27,184,8.14,172,7.61,12,0.53,26,1.15,3111,137.61
12/21/2020,17742,784.77,13,0.58,725,32.07,701,31.01,24,1.06,33,1.46,17742,784.77
12/22/2020,15694,694.18,13,0.58,622,27.51,607,26.85,15,0.66,32,1.42,15694,694.18
12/23/2020,11817,522.69,6,0.27,547,24.19,523,23.13,24,1.06,24,1.06,11817,522.69
12/24/2020,5588,247.17,14,0.62,325,14.38,308,13.62,17,0.75,28,1.24,5588,247.17
12/25/2020,1006,44.5,7,0.31,49,2.17,48,2.12,1,0.04,33,1.46,1006,44.5
12/26/2020,9371,414.5,3,0.13,579,25.61,568,25.12,11,0.49,20,0.88,9371,414.5
12/27/2020,3119,137.96,9,0.4,181,8.01,171,7.56,10,0.44,20,0.88,3119,137.96
12/28/2020,15925,704.4,6,0.27,844,37.33,831,36.76,13,0.58,24,1.06,15925,704.4
12/29/2020,13700,605.98,14,0.62,710,31.4,696,30.79,14,0.62,22,0.97,13700,605.98
12/30/2020,13095,579.22,10,0.44,685,30.3,662,29.28,23,1.02,38,1.68,13095,579.22
12/31/2020,9949,440.07,10,0.44,636,28.13,628,27.78,8,0.35,28,1.24,9949,440.07
01/01/2021,1840,81.39,6,0.27,146,6.46,115,5.09,31,1.37,26,1.15,1840,81.39
01/02/2021,11647,515.17,6,0.27,721,31.89,705,31.18,16,0.71,18,0.8,11647,515.17
01/03/2021,3716,164.37,7,0.31,187,8.27,181,8.01,6,0.27,23,1.02,3716,164.37
01/04/2021,15658,692.59,6,0.27,961,42.51,950,42.02,11,0.49,27,1.19,15658,692.59
01/05/2021,13331,589.66,10,0.44,832,36.8,756,33.44,76,3.36,25,1.11,13331,589.66
01/06/2021,12775,565.07,7,0.31,761,33.66,711,31.45,50,2.21,25,1.11,12775,565.07
01/07/2021,11404,504.42,9,0.4,653,28.88,629,27.82,24,1.06,15,0.66,11404,504.42
01/08/2021,10767,476.25,6,0.27,574,25.39,550,24.33,24,1.06,34,1.5,10767,476.25
01/09/2021,8416,372.26,5,0.22,443,19.59,432,19.11,11,0.49,16,0.71,8416,372.26
01/10/2021,3073,135.93,5,0.22,132,5.84,122,5.4,10,0.44,25,1.11,3073,135.93
01/11/2021,13313,588.86,12,0.53,706,31.23,692,30.61,14,0.62,25,1.11,13313,588.86
01/12/2021,11811,522.43,5,0.22,514,22.74,502,22.2,12,0.53,23,1.02,11811,522.43
01/13/2021,10986,485.93,5,0.22,477,21.1,461,20.39,16,0.71,17,0.75,10986,485.93
01/14/2021,9890,437.46,6,0.27,425,18.8,417,18.44,8,0.35,19,0.84,9890,437.46
01/15/2021,9501,420.25,7,0.31,460,20.35,449,19.86,11,0.49,16,0.71,9501,420.25
01/16/2021,7134,315.55,8,0.35,307,13.58,303,13.4,4,0.18,10,0.44,7134,315.55
01/17/2021,2703,119.56,5,0.22,134,5.93,129,5.71,5,0.22,22,0.97,2703,119.56
01/18/2021,9215,407.6,4,0.18,400,17.69,389,17.21,11,0.49,11,0.49,9215,407.6
01/19/2021,11679,516.59,7,0.31,444,19.64,427,18.89,17,0.75,19,0.84,11679,516.59
01/20/2021,10390,459.57,3,0.13,418,18.49,400,17.69,18,0.8,20,0.88,10390,459.57
01/21/2021,9503,420.34,7,0.31,406,17.96,392,17.34,14,0.62,25,1.11,9503,420.34
01/22/2021,9163,405.3,10,0.44,366,16.19,354,15.66,12,0.53,19,0.84,9163,405.3
01/23/2021,6637,293.57,4,0.18,299,13.23,287,12.69,12,0.53,12,0.53,6637,293.57
01/24/2021,2454,108.55,5,0.22,86,3.8,77,3.41,9,0.4,14,0.62,2454,108.55
01/25/2021,12150,537.42,3,0.13,423,18.71,396,17.52,27,1.19,16,0.71,12150,537.42
01/26/2021,10519,465.28,6,0.27,361,15.97,330,14.6,31,1.37,9,0.4,10519,465.28
01/27/2021,9900,437.9,4,0.18,344,15.22,332,14.69,12,0.53,18,0.8,9900,437.9
01/28/2021,9675,427.95,3,0.13,308,13.62,291,12.87,17,0.75,17,0.75,9675,427.95
01/29/2021,8054,356.25,4,0.18,306,13.54,283,12.52,23,1.02,16,0.71,8054,356.25
01/30/2021,6298,278.57,6,0.27,281,12.43,265,11.72,16,0.71,19,0.84,6298,278.57
01/31/2021,2505,110.8,4,0.18,127,5.62,96,4.25,31,1.37,8,0.35,2505,110.8
02/01/2021,11632,514.51,5,0.22,379,16.76,357,15.79,22,0.97,17,0.75,11632,514.51
02/02/2021,9636,426.22,6,0.27,324,14.33,294,13,30,1.33,12,0.53,9636,426.22
02/03/2021,9962,440.64,2,0.09,336,14.86,301,13.31,35,1.55,15,0.66,9962,440.64
02/04/2021,9162,405.25,4,0.18,265,11.72,240,10.62,25,1.11,16,0.71,9162,405.25
02/05/2021,8220,363.59,6,0.27,247,10.93,227,10.04,20,0.88,13,0.58,8220,363.59
02/06/2021,6269,277.29,2,0.09,217,9.6,204,9.02,13,0.58,14,0.62,6269,277.29
02/07/2021,2460,108.81,3,0.13,67,2.96,62,2.74,5,0.22,10,0.44,2460,108.81
02/08/2021,11368,502.83,2,0.09,299,13.23,285,12.61,14,0.62,16,0.71,11368,502.83
02/09/2021,10539,466.16,5,0.22,252,11.15,235,10.39,17,0.75,14,0.62,10539,466.16
02/10/2021,10131,448.12,6,0.27,205,9.07,196,8.67,9,0.4,10,0.44,10131,448.12
02/11/2021,9508,420.56,4,0.18,232,10.26,204,9.02,28,1.24,7,0.31,9508,420.56
02/12/2021,7648,338.29,5,0.22,216,9.55,195,8.63,21,0.93,8,0.35,7648,338.29
02/13/2021,2141,94.7,4,0.18,38,1.68,34,1.5,4,0.18,10,0.44,2141,94.7
02/14/2021,1537,67.98,1,0.04,35,1.55,23,1.02,12,0.53,5,0.22,1537,67.98
02/15/2021,6310,279.1,3,0.13,138,6.1,115,5.09,23,1.02,10,0.44,6310,279.1
02/16/2021,10344,457.54,7,0.31,284,12.56,261,11.54,23,1.02,8,0.35,10344,457.54
02/17/2021,8488,375.44,6,0.27,192,8.49,178,7.87,14,0.62,7,0.31,8488,375.44
02/18/2021,7525,332.85,1,0.04,189,8.36,177,7.83,12,0.53,10,0.44,7525,332.85
02/19/2021,7010,310.07,7,0.31,135,5.97,126,5.57,9,0.4,8,0.35,7010,310.07
02/20/2021,5330,235.76,5,0.22,144,6.37,132,5.84,12,0.53,12,0.53,5330,235.76
02/21/2021,2318,102.53,4,0.18,78,3.45,60,2.65,18,0.8,13,0.58,2318,102.53
02/22/2021,10213,451.74,5,0.22,209,9.24,186,8.23,23,1.02,6,0.27,10213,451.74
02/23/2021,9558,422.77,1,0.04,187,8.27,173,7.65,14,0.62,2,0.09,9558,422.77
02/24/2021,9169,405.56,3,0.13,164,7.25,150,6.63,14,0.62,8,0.35,9169,405.56
02/25/2021,8023,354.87,3,0.13,188,8.32,175,7.74,13,0.58,3,0.13,8023,354.87
02/26/2021,7254,320.86,7,0.31,156,6.9,146,6.46,10,0.44,8,0.35,7254,320.86
02/27/2021,5062,223.9,6,0.27,128,5.66,122,5.4,6,0.27,4,0.18,5062,223.9
02/28/2021,2150,95.1,1,0.04,66,2.92,48,2.12,18,0.8,8,0.35,2150,95.1
03/01/2021,9480,419.32,0,0,215,9.51,196,8.67,19,0.84,10,0.44,9480,419.32
03/02/2021,8694,384.55,2,0.09,205,9.07,190,8.4,15,0.66,6,0.27,8694,384.55
03/03/2021,8523,376.99,1,0.04,171,7.56,137,6.06,34,1.5,9,0.4,8523,376.99
03/04/2021,7247,320.55,3,0.13,154,6.81,135,5.97,19,0.84,3,0.13,7247,320.55
03/05/2021,6665,294.81,2,0.09,189,8.36,172,7.61,17,0.75,5,0.22,6665,294.81
03/06/2021,4814,212.93,2,0.09,115,5.09,95,4.2,20,0.88,5,0.22,4814,212.93
03/07/2021,1952,86.34,0,0,76,3.36,51,2.26,25,1.11,9,0.4,1952,86.34
03/08/2021,9648,426.75,3,0.13,239,10.57,217,9.6,22,0.97,7,0.31,9648,426.75
03/09/2021,8146,360.31,2,0.09,207,9.16,186,8.23,21,0.93,7,0.31,8146,360.31
03/10/2021,8236,364.3,0,0,207,9.16,183,8.09,24,1.06,10,0.44,8236,364.3
03/11/2021,6806,301.04,4,0.18,187,8.27,175,7.74,12,0.53,2,0.09,6806,301.04
03/12/2021,6173,273.04,0,0,194,8.58,163,7.21,31,1.37,8,0.35,6173,273.04
03/13/2021,4922,217.71,2,0.09,162,7.17,148,6.55,14,0.62,5,0.22,4922,217.71
03/14/2021,1956,86.52,3,0.13,64,2.83,52,2.3,12,0.53,14,0.62,1956,86.52
03/15/2021,9878,436.92,2,0.09,298,13.18,275,12.16,23,1.02,7,0.31,9878,436.92
03/16/2021,8675,383.71,1,0.04,228,10.08,212,9.38,16,0.71,6,0.27,8675,383.71
03/17/2021,8334,368.63,1,0.04,231,10.22,203,8.98,28,1.24,7,0.31,8334,368.63
03/18/2021,7524,332.8,2,0.09,264,11.68,235,10.39,29,1.28,14,0.62,7524,332.8
03/19/2021,6803,300.91,2,0.09,230,10.17,208,9.2,22,0.97,14,0.62,6803,300.91
03/20/2021,5280,233.55,3,0.13,201,8.89,179,7.92,22,0.97,9,0.4,5280,233.55
03/21/2021,2055,90.9,0,0,109,4.82,83,3.67,26,1.15,10,0.44,2055,90.9
03/22/2021,9783,432.72,0,0,401,17.74,361,15.97,40,1.77,6,0.27,9783,432.72
03/23/2021,8141,360.09,3,0.13,368,16.28,333,14.73,35,1.55,10,0.44,8141,360.09
03/24/2021,8297,366.99,2,0.09,385,17.03,345,15.26,40,1.77,22,0.97,8297,366.99
03/25/2021,7329,324.18,3,0.13,361,15.97,326,14.42,35,1.55,12,0.53,7329,324.18
03/26/2021,7336,324.49,2,0.09,362,16.01,322,14.24,40,1.77,15,0.66,7336,324.49
03/27/2021,5658,250.27,1,0.04,245,10.84,221,9.78,24,1.06,7,0.31,5658,250.27
03/28/2021,2140,94.66,1,0.04,120,5.31,81,3.58,39,1.73,17,0.75,2140,94.66
03/29/2021,11257,497.92,2,0.09,439,19.42,398,17.6,41,1.81,10,0.44,11257,497.92
03/30/2021,9609,425.03,2,0.09,396,17.52,367,16.23,29,1.28,10,0.44,9609,425.03
03/31/2021,9358,413.92,2,0.09,357,15.79,316,13.98,41,1.81,16,0.71,9358,413.92
04/01/2021,8498,375.88,1,0.04,357,15.79,316,13.98,41,1.81,15,0.66,8498,375.88
04/02/2021,7789,344.52,2,0.09,361,15.97,316,13.98,45,1.99,12,0.53,7789,344.52
04/03/2021,6246,276.27,1,0.04,270,11.94,247,10.93,23,1.02,14,0.62,6246,276.27
04/04/2021,1998,88.38,2,0.09,107,4.73,87,3.85,20,0.88,7,0.31,1998,88.38
04/05/2021,10230,452.49,2,0.09,465,20.57,418,18.49,47,2.08,21,0.93,10230,452.49
04/06/2021,9243,408.84,1,0.04,382,16.9,321,14.2,61,2.7,21,0.93,9243,408.84
04/07/2021,9330,412.69,0,0,393,17.38,351,15.53,42,1.86,12,0.53,9330,412.69
04/08/2021,8403,371.68,1,0.04,361,15.97,321,14.2,40,1.77,14,0.62,8403,371.68
04/09/2021,7793,344.7,3,0.13,414,18.31,357,15.79,57,2.52,17,0.75,7793,344.7
04/10/2021,6127,271.01,6,0.27,281,12.43,251,11.1,30,1.33,15,0.66,6127,271.01
04/11/2021,2074,91.74,2,0.09,158,6.99,118,5.22,40,1.77,9,0.4,2074,91.74
04/12/2021,10550,466.65,2,0.09,551,24.37,492,21.76,59,2.61,18,0.8,10550,466.65
04/13/2021,9173,405.74,6,0.27,460,20.35,407,18,53,2.34,15,0.66,9173,405.74
04/14/2021,8777,388.23,3,0.13,495,21.89,453,20.04,42,1.86,16,0.71,8777,388.23
04/15/2021,8071,357,3,0.13,466,20.61,427,18.89,39,1.73,24,1.06,8071,357
04/16/2021,7431,328.69,1,0.04,415,18.36,374,16.54,41,1.81,27,1.19,7431,328.69
04/17/2021,5651,249.96,1,0.04,371,16.41,335,14.82,36,1.59,20,0.88,5651,249.96
04/18/2021,2239,99.04,4,0.18,145,6.41,102,4.51,43,1.9,16,0.71,2239,99.04
04/19/2021,10886,481.51,0,0,592,26.19,540,23.89,52,2.3,19,0.84,10886,481.51
04/20/2021,9687,428.48,2,0.09,559,24.73,485,21.45,74,3.27,15,0.66,9687,428.48
04/21/2021,8854,391.63,0,0,527,23.31,478,21.14,49,2.17,22,0.97,8854,391.63
04/22/2021,8107,358.59,4,0.18,457,20.21,413,18.27,44,1.95,27,1.19,8107,358.59
04/23/2021,7495,331.52,1,0.04,421,18.62,385,17.03,36,1.59,17,0.75,7495,331.52
04/24/2021,5703,252.26,1,0.04,323,14.29,298,13.18,25,1.11,20,0.88,5703,252.26
04/25/2021,2039,90.19,2,0.09,111,4.91,95,4.2,16,0.71,20,0.88,2039,90.19
04/26/2021,10434,461.52,4,0.18,586,25.92,556,24.59,30,1.33,18,0.8,10434,461.52
04/27/2021,8877,392.65,4,0.18,519,22.96,485,21.45,34,1.5,25,1.11,8877,392.65
04/28/2021,8076,357.22,2,0.09,507,22.43,467,20.66,40,1.77,24,1.06,8076,357.22
04/29/2021,7540,333.51,0,0,487,21.54,447,19.77,40,1.77,13,0.58,7540,333.51
04/30/2021,6965,308.08,2,0.09,420,18.58,386,17.07,34,1.5,21,0.93,6965,308.08
05/01/2021,4643,205.37,1,0.04,262,11.59,230,10.17,32,1.42,16,0.71,4643,205.37
05/02/2021,1990,88.02,3,0.13,132,5.84,109,4.82,23,1.02,9,0.4,1990,88.02
05/03/2021,9988,441.79,0,0,507,22.43,485,21.45,22,0.97,13,0.58,9988,441.79
05/04/2021,8501,376.02,1,0.04,415,18.36,381,16.85,34,1.5,22,0.97,8501,376.02
05/05/2021,7727,341.78,1,0.04,386,17.07,353,15.61,33,1.46,14,0.62,7727,341.78
05/06/2021,7285,322.23,4,0.18,342,15.13,311,13.76,31,1.37,19,0.84,7285,322.23
05/07/2021,6402,283.17,2,0.09,297,13.14,278,12.3,19,0.84,15,0.66,6402,283.17
05/08/2021,4808,212.67,3,0.13,223,9.86,194,8.58,29,1.28,16,0.71,4808,212.67
05/09/2021,1859,82.23,3,0.13,82,3.63,66,2.92,16,0.71,12,0.53,1859,82.23
05/10/2021,8844,391.19,1,0.04,360,15.92,328,14.51,32,1.42,9,0.4,8844,391.19
05/11/2021,7522,332.71,3,0.13,295,13.05,264,11.68,31,1.37,16,0.71,7522,332.71
05/12/2021,7469,330.37,3,0.13,296,13.09,274,12.12,22,0.97,19,0.84,7469,330.37
05/13/2021,6372,281.85,4,0.18,221,9.78,206,9.11,15,0.66,11,0.49,6372,281.85
05/14/2021,6004,265.57,3,0.13,219,9.69,197,8.71,22,0.97,17,0.75,6004,265.57
05/15/2021,3963,175.29,2,0.09,170,7.52,156,6.9,14,0.62,11,0.49,3963,175.29
05/16/2021,1825,80.72,1,0.04,70,3.1,59,2.61,11,0.49,7,0.31,1825,80.72
05/17/2021,8190,362.26,2,0.09,287,12.69,263,11.63,24,1.06,13,0.58,8190,362.26
05/18/2021,6922,306.17,3,0.13,195,8.63,174,7.7,21,0.93,11,0.49,6922,306.17
05/19/2021,4801,212.36,2,0.09,176,7.78,161,7.12,15,0.66,13,0.58,4801,212.36
05/20/2021,2763,122.21,2,0.09,155,6.86,140,6.19,15,0.66,10,0.44,2763,122.21
05/21/2021,4123,182.37,3,0.13,136,6.02,127,5.62,9,0.4,13,0.58,4123,182.37
05/22/2021,3625,160.34,3,0.13,134,5.93,130,5.75,4,0.18,8,0.35,3625,160.34
05/23/2021,1829,80.9,4,0.18,56,2.48,49,2.17,7,0.31,12,0.53,1829,80.9
05/24/2021,7999,353.81,4,0.18,179,7.92,170,7.52,9,0.4,13,0.58,7999,353.81
05/25/2021,6459,285.7,2,0.09,154,6.81,146,6.46,8,0.35,7,0.31,6459,285.7
05/26/2021,5923,261.99,3,0.13,137,6.06,121,5.35,16,0.71,13,0.58,5923,261.99
05/27/2021,4937,218.37,0,0,123,5.44,119,5.26,4,0.18,10,0.44,4937,218.37
05/28/2021,3949,174.67,2,0.09,124,5.48,112,4.95,12,0.53,9,0.4,3949,174.67
05/29/2021,3014,133.32,1,0.04,79,3.49,69,3.05,10,0.44,6,0.27,3014,133.32
05/30/2021,1865,82.49,3,0.13,34,1.5,31,1.37,3,0.13,13,0.58,1865,82.49
05/31/2021,2477,109.56,2,0.09,60,2.65,53,2.34,7,0.31,5,0.22,2477,109.56
06/01/2021,7537,333.38,1,0.04,181,8.01,165,7.3,16,0.71,14,0.62,7537,333.38
06/02/2021,5421,239.78,3,0.13,124,5.48,113,5,11,0.49,9,0.4,5421,239.78
06/03/2021,4745,209.88,0,0,110,4.87,104,4.6,6,0.27,5,0.22,4745,209.88
06/04/2021,4696,207.71,2,0.09,102,4.51,93,4.11,9,0.4,4,0.18,4696,207.71
06/05/2021,3578,158.26,1,0.04,79,3.49,74,3.27,5,0.22,6,0.27,3578,158.26
06/06/2021,1711,75.68,1,0.04,34,1.5,22,0.97,12,0.53,4,0.18,1711,75.68
06/07/2021,7124,315.11,0,0,103,4.56,91,4.03,12,0.53,7,0.31,7124,315.11
06/08/2021,5569,246.33,2,0.09,108,4.78,94,4.16,14,0.62,6,0.27,5569,246.33
06/09/2021,5491,242.88,0,0,94,4.16,88,3.89,6,0.27,10,0.44,5491,242.88
06/10/2021,4847,214.39,1,0.04,85,3.76,76,3.36,9,0.4,4,0.18,4847,214.39
06/11/2021,4396,194.44,1,0.04,94,4.16,88,3.89,6,0.27,5,0.22,4396,194.44
06/12/2021,3849,170.25,2,0.09,43,1.9,42,1.86,1,0.04,4,0.18,3849,170.25
06/13/2021,1800,79.62,0,0,42,1.86,37,1.64,5,0.22,6,0.27,1800,79.62
06/14/2021,7246,320.51,3,0.13,115,5.09,105,4.64,10,0.44,6,0.27,7246,320.51
06/15/2021,5820,257.43,1,0.04,73,3.23,66,2.92,7,0.31,4,0.18,5820,257.43
06/16/2021,5370,237.53,4,0.18,62,2.74,57,2.52,5,0.22,5,0.22,5370,237.53
06/17/2021,4991,220.76,3,0.13,73,3.23,58,2.57,15,0.66,3,0.13,4991,220.76
06/18/2021,4690,207.45,2,0.09,79,3.49,69,3.05,10,0.44,4,0.18,4690,207.45
06/19/2021,3984,176.22,1,0.04,64,2.83,62,2.74,2,0.09,6,0.27,3984,176.22
06/20/2021,1613,71.35,1,0.04,32,1.42,26,1.15,6,0.27,2,0.09,1613,71.35
06/21/2021,7065,312.5,1,0.04,101,4.47,96,4.25,5,0.22,8,0.35,7065,312.5
06/22/2021,5579,246.77,0,0,50,2.21,47,2.08,3,0.13,8,0.35,5579,246.77
06/23/2021,5323,235.45,0,0,68,3.01,61,2.7,7,0.31,7,0.31,5323,235.45
06/24/2021,5003,221.29,2,0.09,87,3.85,72,3.18,15,0.66,6,0.27,5003,221.29
06/25/2021,4401,194.67,0,0,79,3.49,68,3.01,11,0.49,5,0.22,4401,194.67
06/26/2021,3473,153.62,3,0.13,31,1.37,28,1.24,3,0.13,4,0.18,3473,153.62
06/27/2021,1716,75.9,1,0.04,23,1.02,22,0.97,1,0.04,3,0.13,1716,75.9
06/28/2021,5108,225.94,0,0,58,2.57,48,2.12,10,0.44,3,0.13,5108,225.94
06/29/2021,5809,256.94,2,0.09,84,3.72,74,3.27,10,0.44,4,0.18,5809,256.94
06/30/2021,5192,229.65,1,0.04,88,3.89,79,3.49,9,0.4,7,0.31,5192,229.65
07/01/2021,4700,207.89,1,0.04,91,4.03,77,3.41,14,0.62,4,0.18,4700,207.89
07/02/2021,4516,199.75,1,0.04,90,3.98,82,3.63,8,0.35,2,0.09,4516,199.75
07/03/2021,3913,173.08,2,0.09,70,3.1,63,2.79,7,0.31,2,0.09,3913,173.08
07/04/2021,1350,59.71,0,0,23,1.02,20,0.88,3,0.13,4,0.18,1350,59.71
07/05/2021,3333,147.43,1,0.04,71,3.14,59,2.61,12,0.53,2,0.09,3333,147.43
07/06/2021,7144,315.99,1,0.04,135,5.97,123,5.44,12,0.53,3,0.13,7144,315.99
07/07/2021,5549,245.44,2,0.09,131,5.79,114,5.04,17,0.75,5,0.22,5549,245.44
07/08/2021,5050,223.37,2,0.09,130,5.75,125,5.53,5,0.22,6,0.27,5050,223.37
07/09/2021,5003,221.29,2,0.09,136,6.02,126,5.57,10,0.44,9,0.4,5003,221.29
07/10/2021,4168,184.36,1,0.04,119,5.26,107,4.73,12,0.53,5,0.22,4168,184.36
07/11/2021,1822,80.59,1,0.04,67,2.96,56,2.48,11,0.49,5,0.22,1822,80.59
07/12/2021,7351,325.15,1,0.04,167,7.39,157,6.94,10,0.44,10,0.44,7351,325.15
07/13/2021,5203,230.14,0,0,142,6.28,137,6.06,5,0.22,6,0.27,5203,230.14
07/14/2021,2075,91.78,0,0,175,7.74,163,7.21,12,0.53,7,0.31,2075,91.78
07/15/2021,1279,56.57,1,0.04,187,8.27,171,7.56,16,0.71,11,0.49,1279,56.57
07/16/2021,1729,76.48,0,0,162,7.17,147,6.5,15,0.66,7,0.31,1729,76.48
07/17/2021,3864,170.91,0,0,115,5.09,107,4.73,8,0.35,4,0.18,3864,170.91
07/18/2021,1770,78.29,0,0,67,2.96,49,2.17,18,0.8,2,0.09,1770,78.29
07/19/2021,8352,369.43,0,0,283,12.52,254,11.23,29,1.28,6,0.27,8352,369.43
07/20/2021,6883,304.45,0,0,254,11.23,234,10.35,20,0.88,8,0.35,6883,304.45
07/21/2021,7047,311.7,0,0,250,11.06,226,10,24,1.06,1,0.04,7047,311.7
07/22/2021,7106,314.31,1,0.04,278,12.3,250,11.06,28,1.24,8,0.35,7106,314.31
07/23/2021,6709,296.75,1,0.04,271,11.99,234,10.35,37,1.64,7,0.31,6709,296.75
07/24/2021,5583,246.95,0,0,252,11.15,223,9.86,29,1.28,7,0.31,5583,246.95
07/25/2021,1940,85.81,2,0.09,111,4.91,83,3.67,28,1.24,11,0.49,1940,85.81
07/26/2021,9910,438.34,1,0.04,432,19.11,395,17.47,37,1.64,12,0.53,9910,438.34
07/27/2021,8089,357.79,1,0.04,375,16.59,336,14.86,39,1.73,12,0.53,8089,357.79
07/28/2021,8318,367.92,1,0.04,388,17.16,359,15.88,29,1.28,19,0.84,8318,367.92
07/29/2021,8582,379.6,0,0,469,20.74,428,18.93,41,1.81,10,0.44,8582,379.6
07/30/2021,8613,380.97,1,0.04,458,20.26,417,18.44,41,1.81,8,0.35,8613,380.97
07/31/2021,7087,313.47,0,0,346,15.3,314,13.89,32,1.42,18,0.8,7087,313.47
08/01/2021,1964,86.87,1,0.04,125,5.53,87,3.85,38,1.68,9,0.4,1964,86.87
08/02/2021,12133,536.67,0,0,672,29.72,626,27.69,46,2.03,14,0.62,12133,536.67
08/03/2021,10631,470.23,1,0.04,593,26.23,538,23.8,55,2.43,19,0.84,10631,470.23
08/04/2021,11237,497.04,1,0.04,661,29.24,606,26.8,55,2.43,20,0.88,11237,497.04
08/05/2021,10813,478.28,1,0.04,687,30.39,627,27.73,60,2.65,12,0.53,10813,478.28
08/06/2021,10512,464.97,4,0.18,667,29.5,601,26.58,66,2.92,17,0.75,10512,464.97
08/07/2021,8639,382.12,3,0.13,510,22.56,459,20.3,51,2.26,29,1.28,8639,382.12
08/08/2021,2158,95.45,1,0.04,212,9.38,171,7.56,41,1.81,23,1.02,2158,95.45
08/09/2021,14075,622.57,4,0.18,885,39.15,808,35.74,77,3.41,30,1.33,14075,622.57
08/10/2021,12798,566.08,2,0.09,777,34.37,693,30.65,84,3.72,14,0.62,12798,566.08
08/11/2021,13025,576.12,3,0.13,772,34.15,697,30.83,75,3.32,31,1.37,13025,576.12
08/12/2021,11432,505.66,2,0.09,653,28.88,581,25.7,72,3.18,27,1.19,11432,505.66
08/13/2021,9058,400.65,3,0.13,562,24.86,500,22.12,62,2.74,30,1.33,9058,400.65
08/14/2021,7514,332.36,4,0.18,474,20.97,416,18.4,58,2.57,19,0.84,7514,332.36
08/15/2021,2151,95.14,4,0.18,199,8.8,155,6.86,44,1.95,28,1.24,2151,95.14
08/16/2021,13962,617.57,3,0.13,952,42.11,824,36.45,128,5.66,19,0.84,13962,617.57
08/17/2021,12471,551.62,8,0.35,730,32.29,672,29.72,58,2.57,30,1.33,12471,551.62
08/18/2021,13555,599.57,1,0.04,651,28.8,571,25.26,80,3.54,26,1.15,13555,599.57
08/19/2021,12470,551.57,1,0.04,680,30.08,615,27.2,65,2.88,27,1.19,12470,551.57
08/20/2021,11378,503.27,10,0.44,645,28.53,597,26.41,48,2.12,30,1.33,11378,503.27
08/21/2021,8223,363.72,4,0.18,505,22.34,436,19.29,69,3.05,15,0.66,8223,363.72
08/22/2021,2205,97.53,2,0.09,187,8.27,134,5.93,53,2.34,28,1.24,2205,97.53
08/23/2021,15036,665.07,4,0.18,887,39.23,790,34.94,97,4.29,31,1.37,15036,665.07
08/24/2021,12978,574.04,6,0.27,757,33.48,681,30.12,76,3.36,20,0.88,12978,574.04
08/25/2021,12875,569.49,3,0.13,666,29.46,608,26.89,58,2.57,23,1.02,12875,569.49
08/26/2021,11921,527.29,3,0.13,699,30.92,631,27.91,68,3.01,26,1.15,11921,527.29
08/27/2021,10832,479.12,2,0.09,677,29.95,631,27.91,46,2.03,36,1.59,10832,479.12
08/28/2021,8918,394.46,5,0.22,514,22.74,445,19.68,69,3.05,28,1.24,8918,394.46
08/29/2021,2400,106.16,5,0.22,212,9.38,169,7.48,43,1.9,19,0.84,2400,106.16
08/30/2021,13424,593.77,5,0.22,833,36.85,764,33.79,69,3.05,19,0.84,13424,593.77
08/31/2021,10837,479.34,3,0.13,678,29.99,614,27.16,64,2.83,24,1.06,10837,479.34
09/01/2021,4131,182.72,4,0.18,631,27.91,584,25.83,47,2.08,27,1.19,4131,182.72
09/02/2021,1388,61.39,9,0.4,653,28.88,597,26.41,56,2.48,18,0.8,1388,61.39
09/03/2021,1509,66.75,7,0.31,576,25.48,527,23.31,49,2.17,25,1.11,1509,66.75
09/04/2021,854,37.77,4,0.18,465,20.57,425,18.8,40,1.77,17,0.75,854,37.77
09/05/2021,178,7.87,3,0.13,192,8.49,145,6.41,47,2.08,25,1.11,178,7.87
09/06/2021,576,25.48,6,0.27,369,16.32,312,13.8,57,2.52,19,0.84,576,25.48
09/07/2021,2130,94.21,5,0.22,954,42.2,880,38.92,74,3.27,25,1.11,2130,94.21
09/08/2021,1818,80.41,7,0.31,706,31.23,653,28.88,53,2.34,24,1.06,1818,80.41
09/09/2021,1754,77.58,4,0.18,752,33.26,691,30.56,61,2.7,21,0.93,1754,77.58
09/10/2021,1919,84.88,2,0.09,600,26.54,558,24.68,42,1.86,21,0.93,1919,84.88
09/11/2021,1126,49.81,3,0.13,430,19.02,412,18.22,18,0.8,17,0.75,1126,49.81
09/12/2021,198,8.76,2,0.09,155,6.86,114,5.04,41,1.81,16,0.71,198,8.76
09/13/2021,2102,92.98,2,0.09,815,36.05,746,33,69,3.05,21,0.93,2102,92.98
09/14/2021,1736,76.79,4,0.18,582,25.74,526,23.27,56,2.48,16,0.71,1736,76.79
09/15/2021,3435,151.94,9,0.4,541,23.93,499,22.07,42,1.86,17,0.75,3435,151.94
09/16/2021,7789,344.52,5,0.22,576,25.48,522,23.09,54,2.39,18,0.8,7789,344.52
09/17/2021,7422,328.29,2,0.09,448,19.82,419,18.53,29,1.28,18,0.8,7422,328.29
09/18/2021,7234,319.98,5,0.22,356,15.75,330,14.6,26,1.15,21,0.93,7234,319.98
09/19/2021,1506,66.61,3,0.13,144,6.37,104,4.6,40,1.77,17,0.75,1506,66.61
09/20/2021,9166,405.43,4,0.18,662,29.28,622,27.51,40,1.77,20,0.88,9166,405.43
09/21/2021,9475,419.1,2,0.09,591,26.14,545,24.11,46,2.03,18,0.8,9475,419.1
09/22/2021,9186,406.32,2,0.09,590,26.1,540,23.89,50,2.21,11,0.49,9186,406.32
09/23/2021,9905,438.12,2,0.09,565,24.99,512,22.65,53,2.34,7,0.31,9905,438.12
09/24/2021,7843,346.91,9,0.4,515,22.78,478,21.14,37,1.64,20,0.88,7843,346.91
09/25/2021,7867,347.97,6,0.27,409,18.09,377,16.68,32,1.42,12,0.53,7867,347.97
09/26/2021,2380,105.27,5,0.22,132,5.84,97,4.29,35,1.55,15,0.66,2380,105.27
09/27/2021,12335,545.6,0,0,695,30.74,642,28.4,53,2.34,16,0.71,12335,545.6
09/28/2021,7963,352.22,2,0.09,520,23,462,20.44,58,2.57,12,0.53,7963,352.22
09/29/2021,9016,398.8,7,0.31,526,23.27,496,21.94,30,1.33,9,0.4,9016,398.8
09/30/2021,9105,402.73,3,0.13,512,22.65,460,20.35,52,2.3,20,0.88,9105,402.73
10/01/2021,9050,400.3,9,0.4,531,23.49,497,21.98,34,1.5,14,0.62,9050,400.3
10/02/2021,7401,327.36,1,0.04,391,17.29,360,15.92,31,1.37,7,0.31,7401,327.36
10/03/2021,1715,75.86,1,0.04,137,6.06,103,4.56,34,1.5,7,0.31,1715,75.86
10/04/2021,9379,414.85,0,0,645,28.53,608,26.89,37,1.64,12,0.53,9379,414.85
10/05/2021,7745,342.58,2,0.09,465,20.57,437,19.33,28,1.24,14,0.62,7745,342.58
10/06/2021,7848,347.13,2,0.09,521,23.04,495,21.89,26,1.15,16,0.71,7848,347.13
10/07/2021,9340,413.13,5,0.22,463,20.48,423,18.71,40,1.77,10,0.44,9340,413.13
10/08/2021,7223,319.49,4,0.18,415,18.36,383,16.94,32,1.42,17,0.75,7223,319.49
10/09/2021,6048,267.52,4,0.18,318,14.07,296,13.09,22,0.97,22,0.97,6048,267.52
10/10/2021,1601,70.82,4,0.18,106,4.69,87,3.85,19,0.84,10,0.44,1601,70.82
10/11/2021,8819,390.08,7,0.31,549,24.28,525,23.22,24,1.06,14,0.62,8819,390.08
10/12/2021,7270,321.57,5,0.22,434,19.2,408,18.05,26,1.15,11,0.49,7270,321.57
10/13/2021,8091,357.88,4,0.18,471,20.83,424,18.75,47,2.08,10,0.44,8091,357.88
10/14/2021,8830,390.57,5,0.22,425,18.8,391,17.29,34,1.5,15,0.66,8830,390.57
10/15/2021,6803,300.91,2,0.09,421,18.62,391,17.29,30,1.33,13,0.58,6803,300.91
10/16/2021,5403,238.99,5,0.22,334,14.77,309,13.67,25,1.11,15,0.66,5403,238.99
10/17/2021,2039,90.19,5,0.22,127,5.62,104,4.6,23,1.02,12,0.53,2039,90.19
10/18/2021,10599,468.82,4,0.18,627,27.73,590,26.1,37,1.64,15,0.66,10599,468.82
10/19/2021,6939,306.93,6,0.27,432,19.11,392,17.34,40,1.77,13,0.58,6939,306.93
10/20/2021,9334,412.86,6,0.27,446,19.73,418,18.49,28,1.24,12,0.53,9334,412.86
10/21/2021,9851,435.73,3,0.13,442,19.55,406,17.96,36,1.59,11,0.49,9851,435.73
10/22/2021,7005,309.85,4,0.18,459,20.3,425,18.8,34,1.5,14,0.62,7005,309.85
10/23/2021,6303,278.8,7,0.31,307,13.58,290,12.83,17,0.75,7,0.31,6303,278.8
10/24/2021,1737,76.83,7,0.31,110,4.87,94,4.16,16,0.71,11,0.49,1737,76.83
10/25/2021,7741,342.4,3,0.13,531,23.49,500,22.12,31,1.37,16,0.71,7741,342.4
10/26/2021,7665,339.04,2,0.09,445,19.68,417,18.44,28,1.24,15,0.66,7665,339.04
10/27/2021,7551,334,1,0.04,470,20.79,436,19.29,34,1.5,16,0.71,7551,334
10/28/2021,8004,354.03,7,0.31,427,18.89,392,17.34,35,1.55,13,0.58,8004,354.03
10/29/2021,7679,339.66,2,0.09,375,16.59,342,15.13,33,1.46,12,0.53,7679,339.66
10/30/2021,6270,277.34,2,0.09,290,12.83,274,12.12,16,0.71,13,0.58,6270,277.34
10/31/2021,1633,72.23,3,0.13,102,4.51,74,3.27,28,1.24,7,0.31,1633,72.23
11/01/2021,9616,425.34,5,0.22,474,20.97,441,19.51,33,1.46,15,0.66,9616,425.34
11/02/2021,7553,334.09,2,0.09,398,17.6,365,16.14,33,1.46,16,0.71,7553,334.09
11/03/2021,7602,336.25,3,0.13,388,17.16,368,16.28,20,0.88,12,0.53,7602,336.25
11/04/2021,8721,385.75,1,0.04,411,18.18,387,17.12,24,1.06,11,0.49,8721,385.75
11/05/2021,8604,380.57,2,0.09,350,15.48,327,14.46,23,1.02,14,0.62,8604,380.57
11/06/2021,6173,273.04,1,0.04,284,12.56,268,11.85,16,0.71,14,0.62,6173,273.04
11/07/2021,2044,90.41,3,0.13,101,4.47,86,3.8,15,0.66,10,0.44,2044,90.41
11/08/2021,8876,392.6,2,0.09,411,18.18,381,16.85,30,1.33,20,0.88,8876,392.6
11/09/2021,7001,309.67,4,0.18,301,13.31,278,12.3,23,1.02,12,0.53,7001,309.67
11/10/2021,7672,339.35,4,0.18,329,14.55,304,13.45,25,1.11,16,0.71,7672,339.35
11/11/2021,5321,235.36,2,0.09,265,11.72,247,10.93,18,0.8,11,0.49,5321,235.36
11/12/2021,6925,306.31,2,0.09,362,16.01,335,14.82,27,1.19,24,1.06,6925,306.31
11/13/2021,6607,292.24,0,0,265,11.72,247,10.93,18,0.8,7,0.31,6607,292.24
11/14/2021,2196,97.13,2,0.09,86,3.8,68,3.01,18,0.8,14,0.62,2196,97.13
11/15/2021,9863,436.26,5,0.22,431,19.06,407,18,24,1.06,8,0.35,9863,436.26
11/16/2021,7384,326.61,3,0.13,368,16.28,354,15.66,14,0.62,13,0.58,7384,326.61
11/17/2021,6371,281.8,3,0.13,282,12.47,271,11.99,11,0.49,8,0.35,6371,281.8
11/18/2021,7299,322.85,3,0.13,269,11.9,256,11.32,13,0.58,10,0.44,7299,322.85
11/19/2021,6776,299.72,0,0,261,11.54,247,10.93,14,0.62,12,0.53,6776,299.72
11/20/2021,6972,308.39,3,0.13,202,8.93,191,8.45,11,0.49,4,0.18,6972,308.39
11/21/2021,2393,105.85,3,0.13,68,3.01,54,2.39,14,0.62,5,0.22,2393,105.85
11/22/2021,13268,586.87,5,0.22,313,13.84,300,13.27,13,0.58,10,0.44,13268,586.87
11/23/2021,6474,286.36,0,0,271,11.99,255,11.28,16,0.71,6,0.27,6474,286.36
11/24/2021,5575,246.59,3,0.13,282,12.47,259,11.46,23,1.02,11,0.49,5575,246.59
11/25/2021,774,34.24,1,0.04,52,2.3,46,2.03,6,0.27,5,0.22,774,34.24
11/26/2021,8095,358.06,6,0.27,270,11.94,255,11.28,15,0.66,8,0.35,8095,358.06
11/27/2021,7859,347.62,4,0.18,261,11.54,249,11.01,12,0.53,9,0.4,7859,347.62
11/28/2021,2736,121.02,4,0.18,118,5.22,100,4.42,18,0.8,8,0.35,2736,121.02
11/29/2021,8469,374.6,1,0.04,468,20.7,443,19.59,25,1.11,9,0.4,8469,374.6
11/30/2021,5241,231.82,2,0.09,370,16.37,347,15.35,23,1.02,9,0.4,5241,231.82
12/01/2021,6725,297.46,2,0.09,344,15.22,320,14.15,24,1.06,8,0.35,6725,297.46
12/02/2021,7865,347.89,4,0.18,362,16.01,334,14.77,28,1.24,8,0.35,7865,347.89
12/03/2021,6891,304.8,1,0.04,300,13.27,280,12.38,20,0.88,7,0.31,6891,304.8
12/04/2021,7941,351.25,1,0.04,191,8.45,175,7.74,16,0.71,5,0.22,7941,351.25
12/05/2021,2921,129.2,1,0.04,97,4.29,86,3.8,11,0.49,9,0.4,2921,129.2
12/06/2021,6980,308.74,3,0.13,384,16.99,368,16.28,16,0.71,10,0.44,6980,308.74
12/07/2021,7016,310.33,3,0.13,291,12.87,268,11.85,23,1.02,11,0.49,7016,310.33
12/08/2021,7949,351.6,0,0,347,15.35,330,14.6,17,0.75,9,0.4,7949,351.6
12/09/2021,8838,390.92,1,0.04,295,13.05,280,12.38,15,0.66,6,0.27,8838,390.92
12/10/2021,8710,385.26,1,0.04,347,15.35,332,14.69,15,0.66,7,0.31,8710,385.26
12/11/2021,6845,302.77,0,0,287,12.69,282,12.47,5,0.22,5,0.22,6845,302.77
12/12/2021,2741,121.24,1,0.04,134,5.93,127,5.62,7,0.31,7,0.31,2741,121.24
12/13/2021,8643,382.3,3,0.13,619,27.38,599,26.5,20,0.88,8,0.35,8643,382.3
12/14/2021,8183,361.95,3,0.13,699,30.92,668,29.55,31,1.37,12,0.53,8183,361.95
12/15/2021,7458,329.88,0,0,901,39.85,848,37.51,53,2.34,11,0.49,7458,329.88
12/16/2021,11702,517.6,1,0.04,911,40.3,852,37.69,59,2.61,10,0.44,11702,517.6
12/17/2021,10777,476.69,0,0,1071,47.37,1014,44.85,57,2.52,8,0.35,10777,476.69
12/18/2021,12719,562.59,0,0,973,43.04,929,41.09,44,1.95,13,0.58,12719,562.59
12/19/2021,3840,169.85,1,0.04,534,23.62,472,20.88,62,2.74,14,0.62,3840,169.85
12/20/2021,10376,458.95,3,0.13,2295,101.51,2232,98.73,63,2.79,11,0.49,10376,458.95
12/21/2021,9876,436.84,4,0.18,2594,114.74,2512,111.11,82,3.63,21,0.93,9876,436.84
12/22/2021,12644,559.27,3,0.13,2921,129.2,2786,123.23,135,5.97,22,0.97,12644,559.27
12/23/2021,16684,737.97,3,0.13,3111,137.61,2978,131.72,133,5.88,18,0.8,16684,737.97
12/24/2021,11478,507.7,0,0,2376,105.1,2334,103.24,42,1.86,23,1.02,11478,507.7
12/25/2021,1263,55.87,4,0.18,379,16.76,356,15.75,23,1.02,18,0.8,1263,55.87
12/26/2021,2641,116.82,2,0.09,581,25.7,542,23.97,39,1.73,19,0.84,2641,116.82
12/27/2021,7422,328.29,3,0.13,2159,95.5,2022,89.44,137,6.06,24,1.06,7422,328.29
12/28/2021,8452,373.85,0,0,3922,173.48,3555,157.25,367,16.23,26,1.15,8452,373.85
12/29/2021,12067,533.75,4,0.18,5614,248.32,5165,228.46,449,19.86,32,1.42,12067,533.75
12/30/2021,8553,378.32,5,0.22,3556,157.29,3315,146.63,241,10.66,36,1.59,8553,378.32
12/31/2021,8175,361.6,4,0.18,3592,158.88,3402,150.48,190,8.4,34,1.5,8175,361.6
01/01/2022,2337,103.37,5,0.22,1298,57.41,1130,49.98,168,7.43,40,1.77,2337,103.37
01/02/2022,3755,166.09,4,0.18,1873,82.85,1687,74.62,186,8.23,38,1.68,3755,166.09
01/03/2022,11796,521.76,6,0.27,7649,338.33,7082,313.25,567,25.08,54,2.39,11796,521.76
01/04/2022,12399,548.43,1,0.04,9023,399.11,8326,368.28,697,30.83,60,2.65,12399,548.43
01/05/2022,11572,511.85,6,0.27,8395,371.33,7744,342.53,651,28.8,58,2.57,11572,511.85
01/06/2022,12433,549.94,9,0.4,7969,352.49,7301,322.94,668,29.55,64,2.83,12433,549.94
01/07/2022,10385,459.35,11,0.49,7274,321.74,6726,297.51,548,24.24,64,2.83,10385,459.35
01/08/2022,6450,285.3,9,0.4,4885,216.07,4643,205.37,242,10.7,46,2.03,6450,285.3
01/09/2022,2274,100.58,9,0.4,2225,98.42,2032,89.88,193,8.54,59,2.61,2274,100.58
01/10/2022,9548,422.33,8,0.35,7893,349.12,7319,323.73,574,25.39,65,2.88,9548,422.33
01/11/2022,11278,498.85,9,0.4,6953,307.55,6399,283.04,554,24.5,66,2.92,11278,498.85
01/12/2022,10810,478.15,15,0.66,6483,286.76,5986,264.77,497,21.98,61,2.7,10810,478.15
01/13/2022,10374,458.86,7,0.31,6281,277.82,5795,256.33,486,21.5,52,2.3,10374,458.86
01/14/2022,9203,407.07,8,0.35,5805,256.77,5278,233.46,527,23.31,54,2.39,9203,407.07
01/15/2022,5762,254.87,11,0.49,3801,168.13,3584,158.53,217,9.6,39,1.73,5762,254.87
01/16/2022,1425,63.03,7,0.31,1223,54.1,1065,47.11,158,6.99,58,2.57,1425,63.03
01/17/2022,6992,309.27,6,0.27,4698,207.8,4435,196.17,263,11.63,58,2.57,6992,309.27
01/18/2022,9862,436.22,9,0.4,5806,256.81,5323,235.45,483,21.36,56,2.48,9862,436.22
01/19/2022,8965,396.54,4,0.18,4748,210.01,4334,191.7,414,18.31,48,2.12,8965,396.54
01/20/2022,12348,546.18,6,0.27,4849,214.48,4390,194.18,459,20.3,58,2.57,12348,546.18
01/21/2022,12278,543.08,4,0.18,3896,172.33,3611,159.72,285,12.61,49,2.17,12278,543.08
01/22/2022,9709,429.45,12,0.53,2657,117.52,2499,110.54,158,6.99,32,1.42,9709,429.45
01/23/2022,2575,113.9,13,0.58,1065,47.11,897,39.68,168,7.43,29,1.28,2575,113.9
01/24/2022,6267,277.2,8,0.35,3772,166.84,3489,154.33,283,12.52,41,1.81,6267,277.2
01/25/2022,9189,406.45,9,0.4,3179,140.61,2935,129.82,244,10.79,43,1.9,9189,406.45
01/26/2022,14115,624.34,7,0.31,2731,120.8,2552,112.88,179,7.92,35,1.55,14115,624.34
01/27/2022,13515,597.8,10,0.44,2422,107.13,2212,97.84,210,9.29,37,1.64,13515,597.8
01/28/2022,11522,509.64,9,0.4,2012,89,1863,82.4,149,6.59,47,2.08,11522,509.64
01/29/2022,7547,333.82,9,0.4,1325,58.61,1247,55.16,78,3.45,36,1.59,7547,333.82
01/30/2022,3372,149.15,9,0.4,598,26.45,515,22.78,83,3.67,24,1.06,3372,149.15
01/31/2022,14587,645.21,6,0.27,2447,108.24,2251,99.57,196,8.67,37,1.64,14587,645.21
02/01/2022,11815,522.6,10,0.44,1784,78.91,1619,71.61,165,7.3,24,1.06,11815,522.6
02/02/2022,11430,505.57,10,0.44,1436,63.52,1340,59.27,96,4.25,26,1.15,11430,505.57
02/03/2022,10432,461.43,10,0.44,1350,59.71,1240,54.85,110,4.87,20,0.88,10432,461.43
02/04/2022,9101,402.56,5,0.22,1227,54.27,1132,50.07,95,4.2,27,1.19,9101,402.56
02/05/2022,6309,279.06,13,0.58,934,41.31,882,39.01,52,2.3,15,0.66,6309,279.06
02/06/2022,2977,131.68,10,0.44,412,18.22,357,15.79,55,2.43,16,0.71,2977,131.68
02/07/2022,11858,524.5,6,0.27,1466,64.84,1359,60.11,107,4.73,33,1.46,11858,524.5
02/08/2022,9273,410.16,12,0.53,981,43.39,886,39.19,95,4.2,12,0.53,9273,410.16
02/09/2022,9749,431.22,6,0.27,930,41.14,861,38.08,69,3.05,10,0.44,9749,431.22
02/10/2022,8690,384.38,5,0.22,818,36.18,749,33.13,69,3.05,13,0.58,8690,384.38
02/11/2022,7141,315.86,6,0.27,677,29.95,618,27.34,59,2.61,14,0.62,7141,315.86
02/12/2022,5222,230.98,4,0.18,529,23.4,507,22.43,22,0.97,13,0.58,5222,230.98
02/13/2022,2617,115.76,7,0.31,212,9.38,182,8.05,30,1.33,7,0.31,2617,115.76
02/14/2022,9316,412.07,7,0.31,770,34.06,720,31.85,50,2.21,19,0.84,9316,412.07
02/15/2022,8884,392.96,6,0.27,597,26.41,557,24.64,40,1.77,12,0.53,8884,392.96
02/16/2022,8992,397.74,4,0.18,525,23.22,478,21.14,47,2.08,8,0.35,8992,397.74
02/17/2022,6419,283.93,8,0.35,517,22.87,480,21.23,37,1.64,12,0.53,6419,283.93
02/18/2022,4703,208.02,12,0.53,398,17.6,383,16.94,15,0.66,13,0.58,4703,208.02
02/19/2022,2704,119.6,6,0.27,317,14.02,306,13.54,11,0.49,6,0.27,2704,119.6
02/20/2022,1657,73.29,2,0.09,164,7.25,144,6.37,20,0.88,11,0.49,1657,73.29
02/21/2022,3355,148.4,3,0.13,371,16.41,333,14.73,38,1.68,11,0.49,3355,148.4
02/22/2022,7788,344.48,5,0.22,363,16.06,337,14.91,26,1.15,10,0.44,7788,344.48
02/23/2022,7115,314.71,6,0.27,345,15.26,333,14.73,12,0.53,12,0.53,7115,314.71
02/24/2022,6324,279.72,5,0.22,306,13.54,285,12.61,21,0.93,7,0.31,6324,279.72
02/25/2022,5785,255.88,3,0.13,319,14.11,309,13.67,10,0.44,11,0.49,5785,255.88
02/26/2022,4217,186.53,7,0.31,242,10.7,234,10.35,8,0.35,10,0.44,4217,186.53
02/27/2022,2249,99.48,6,0.27,113,5,102,4.51,11,0.49,7,0.31,2249,99.48
02/28/2022,7773,343.82,2,0.09,377,16.68,353,15.61,24,1.06,7,0.31,7773,343.82
03/01/2022,6869,303.83,6,0.27,326,14.42,305,13.49,21,0.93,8,0.35,6869,303.83
03/02/2022,6318,279.46,5,0.22,301,13.31,290,12.83,11,0.49,3,0.13,6318,279.46
03/03/2022,6116,270.52,1,0.04,246,10.88,230,10.17,16,0.71,4,0.18,6116,270.52
03/04/2022,5123,226.6,3,0.13,224,9.91,216,9.55,8,0.35,6,0.27,5123,226.6
03/05/2022,3466,153.31,4,0.18,179,7.92,170,7.52,9,0.4,8,0.35,3466,153.31
03/06/2022,1952,86.34,3,0.13,74,3.27,71,3.14,3,0.13,4,0.18,1952,86.34
03/07/2022,6427,284.28,3,0.13,250,11.06,243,10.75,7,0.31,3,0.13,6427,284.28
03/08/2022,6171,272.96,6,0.27,206,9.11,193,8.54,13,0.58,3,0.13,6171,272.96
03/09/2022,6001,265.44,4,0.18,251,11.1,240,10.62,11,0.49,7,0.31,6001,265.44
03/10/2022,5564,246.11,1,0.04,170,7.52,162,7.17,8,0.35,4,0.18,5564,246.11
03/11/2022,4538,200.73,6,0.27,146,6.46,143,6.33,3,0.13,4,0.18,4538,200.73
03/12/2022,3347,148.04,3,0.13,121,5.35,116,5.13,5,0.22,2,0.09,3347,148.04
03/13/2022,1893,83.73,1,0.04,66,2.92,57,2.52,9,0.4,8,0.35,1893,83.73
03/14/2022,6147,271.89,4,0.18,239,10.57,229,10.13,10,0.44,1,0.04,6147,271.89
03/15/2022,6458,285.65,4,0.18,207,9.16,198,8.76,9,0.4,3,0.13,6458,285.65
03/16/2022,6034,266.9,3,0.13,202,8.93,190,8.4,12,0.53,1,0.04,6034,266.9
03/17/2022,5696,251.95,3,0.13,209,9.24,196,8.67,13,0.58,5,0.22,5696,251.95
03/18/2022,4858,214.88,2,0.09,184,8.14,170,7.52,14,0.62,6,0.27,4858,214.88
03/19/2022,3558,157.38,3,0.13,125,5.53,122,5.4,3,0.13,5,0.22,3558,157.38
03/20/2022,2061,91.16,4,0.18,86,3.8,79,3.49,7,0.31,5,0.22,2061,91.16
03/21/2022,6562,290.25,2,0.09,291,12.87,270,11.94,21,0.93,3,0.13,6562,290.25
03/22/2022,6007,265.7,2,0.09,280,12.38,261,11.54,19,0.84,6,0.27,6007,265.7
03/23/2022,5903,261.1,2,0.09,318,14.07,301,13.31,17,0.75,4,0.18,5903,261.1
03/24/2022,5652,250,3,0.13,263,11.63,249,11.01,14,0.62,2,0.09,5652,250
03/25/2022,4743,209.79,1,0.04,289,12.78,269,11.9,20,0.88,1,0.04,4743,209.79
03/26/2022,3490,154.37,1,0.04,241,10.66,233,10.31,8,0.35,1,0.04,3490,154.37
03/27/2022,2139,94.61,1,0.04,147,6.5,136,6.02,11,0.49,6,0.27,2139,94.61
03/28/2022,6772,299.54,0,0,441,19.51,424,18.75,17,0.75,4,0.18,6772,299.54
03/29/2022,5905,261.19,0,0,374,16.54,361,15.97,13,0.58,4,0.18,5905,261.19
03/30/2022,5565,246.15,0,0,444,19.64,414,18.31,30,1.33,3,0.13,5565,246.15
03/31/2022,5771,255.26,2,0.09,423,18.71,400,17.69,23,1.02,5,0.22,5771,255.26
04/01/2022,4699,207.85,0,0,384,16.99,364,16.1,20,0.88,8,0.35,4699,207.85
04/02/2022,3258,144.11,0,0,304,13.45,295,13.05,9,0.4,8,0.35,3258,144.11
04/03/2022,1898,83.95,0,0,175,7.74,161,7.12,14,0.62,4,0.18,1898,83.95
04/04/2022,6768,299.36,3,0.13,592,26.19,573,25.35,19,0.84,5,0.22,6768,299.36
04/05/2022,6094,269.55,1,0.04,561,24.81,531,23.49,30,1.33,6,0.27,6094,269.55
04/06/2022,5869,259.6,1,0.04,645,28.53,620,27.42,25,1.11,5,0.22,5869,259.6
04/07/2022,5407,239.16,0,0,521,23.04,498,22.03,23,1.02,8,0.35,5407,239.16
04/08/2022,4833,213.77,0,0,431,19.06,413,18.27,18,0.8,3,0.13,4833,213.77
04/09/2022,3133,138.58,0,0,281,12.43,269,11.9,12,0.53,0,0,3133,138.58
04/10/2022,891,39.41,0,0,60,2.65,57,2.52,3,0.13,0,0,891,39.41